Заявка;Тип заявки BK;Тип заявки HD;Начало;Окончание;Район;Адрес;Подключение;Гигабитное подключение
101;Подключение;Конвергенция абонента;10.09.2026 10:00;10.09.2026 12:00;Кузьминки;Город Москва, ул.Юных Ленинцев, д. 44 к 1;FMC;Нет
102;Локальная заявка;Нет линка;10.09.2026 12:00;10.09.2026 14:00;Текстильщики;г.Город Москва, пр-кт.Волгоградский, д. 53;;Нет
103;Глобальная проблема;Авария;10.09.2026 0:01;10.09.2026 23:59;Кашира;МО, г. Кашира Клубная ул. д. 13;;Нет
104;Дозаказ;Дозаказ оборудования;10.09.2026 14:00;10.09.2026 16:00;Домодедово;Домодедово, ш.Каширское, д. 94А;;Нет
105;Подключение;Заявка на подключение;10.09.2026 16:00;10.09.2026 18:00;Выхино;Город Москва, б-р.Жулебинский, д. 25;FMC;Нет
106;Локальная заявка;Работа с кабелем;10.09.2026 18:00;10.09.2026 20:00;Кузьминки;Город Москва, ул.Юных Ленинцев, д. 44 к 1;;Нет
;;;;;;;;
;;;;;;;;
Адрес Офиса;г. Москва, ул Юных Ленинцев, д 83с 4;;;;;;;
